{
  "tag": "dev-09-phase42-seed-200",
  "architecture": "dev-09-TABULA-RASA-bottom-up",
  "trained_at": "2026-05-27T23:47:00.481086",
  "train_seasons": [
    "22/23",
    "23/24",
    "24/25"
  ],
  "test_seasons": [
    "25/26"
  ],
  "leagues": "ALL",
  "seeds": [
    242,
    243,
    244,
    245,
    246
  ],
  "seed_offset": 200,
  "n_models": 5,
  "n_train_matches": 20797,
  "n_test_matches": 6868,
  "feature_names": [
    "bottom_up_xg_diff",
    "bottom_up_xa_diff",
    "bottom_up_shots_diff",
    "bottom_up_key_passes_diff",
    "attack_concentration_diff",
    "defense_block_sum_diff",
    "gk_saves_per_90_diff",
    "minutes_rate_diff",
    "bottom_up_available",
    "elo_diff",
    "rest_days_diff",
    "league"
  ],
  "holdout_brier": 0.6152843439181085,
  "per_liga": {
    "austria_bl": {
      "n": 180,
      "brier": 0.6574961464728923
    },
    "bundesliga": {
      "n": 294,
      "brier": 0.5609838468891802
    },
    "bundesliga2": {
      "n": 290,
      "brier": 0.6299814169176383
    },
    "championship": {
      "n": 459,
      "brier": 0.6450947546051046
    },
    "eerste_divisie": {
      "n": 380,
      "brier": 0.6288866674024977
    },
    "epl": {
      "n": 354,
      "brier": 0.6103805673623642
    },
    "eredivisie": {
      "n": 288,
      "brier": 0.5965721561008657
    },
    "greek_sl": {
      "n": 28,
      "brier": 0.5696375830621475
    },
    "jupiler_pro": {
      "n": 286,
      "brier": 0.6352625710185684
    },
    "la_liga": {
      "n": 345,
      "brier": 0.5784574229599048
    },
    "la_liga2": {
      "n": 418,
      "brier": 0.6389492768723527
    },
    "league_one": {
      "n": 456,
      "brier": 0.6213990542999301
    },
    "league_two": {
      "n": 456,
      "brier": 0.6383938495959978
    },
    "liga3": {
      "n": 367,
      "brier": 0.6309935909853636
    },
    "ligue_1": {
      "n": 287,
      "brier": 0.5983530276370183
    },
    "ligue_2": {
      "n": 306,
      "brier": 0.6512785033725729
    },
    "primeira_liga": {
      "n": 285,
      "brier": 0.5402968628574321
    },
    "scottish_prem": {
      "n": 210,
      "brier": 0.5882771977223986
    },
    "serie_a": {
      "n": 354,
      "brier": 0.596704084317899
    },
    "serie_b": {
      "n": 380,
      "brier": 0.621684323277058
    },
    "super_lig": {
      "n": 234,
      "brier": 0.5912399867984326
    },
    "swiss_sl": {
      "n": 211,
      "brier": 0.6262948134090438
    }
  },
  "train_time_sec": 5.027263879776001,
  "eval_time_sec": 0.40096521377563477
}