{
  "generated_at": "2026-05-28T01:22:20.110Z",
  "n_rows": 6525,
  "n_leagues": 18,
  "engines": {
    "v1": {
      "overall": {
        "n": 6525,
        "brier": 0.663584,
        "brier_skill_score": -0.018522,
        "log_loss": 1.10167,
        "rps": 0.233258,
        "ece_10bucket": 0.088731,
        "base_rate": {
          "H": 0.4319,
          "D": 0.267,
          "A": 0.3011
        },
        "bss_ci95": null
      },
      "applied_n": 6525,
      "per_league_bss": {
        "bundesliga": {
          "n": 304,
          "bss": 0.00504,
          "log_loss": 1.081524,
          "ece": 0.07193
        },
        "bundesliga2": {
          "n": 402,
          "bss": -0.090625,
          "log_loss": 1.156979,
          "ece": 0.117259
        },
        "championship": {
          "n": 552,
          "bss": -0.057621,
          "log_loss": 1.143888,
          "ece": 0.120899
        },
        "epl": {
          "n": 357,
          "bss": -0.021215,
          "log_loss": 1.095426,
          "ece": 0.10782
        },
        "eredivisie": {
          "n": 291,
          "bss": -0.020792,
          "log_loss": 1.106824,
          "ece": 0.115331
        },
        "greek_sl": {
          "n": 214,
          "bss": 0.024557,
          "log_loss": 1.069737,
          "ece": 0.072861
        },
        "jupiler_pro": {
          "n": 286,
          "bss": 0.013567,
          "log_loss": 1.070676,
          "ece": 0.091273
        },
        "la_liga": {
          "n": 340,
          "bss": -0.033878,
          "log_loss": 1.076487,
          "ece": 0.079126
        },
        "la_liga2": {
          "n": 434,
          "bss": -0.028026,
          "log_loss": 1.110257,
          "ece": 0.098643
        },
        "league_one": {
          "n": 582,
          "bss": -0.063482,
          "log_loss": 1.135458,
          "ece": 0.087439
        },
        "league_two": {
          "n": 599,
          "bss": -0.015174,
          "log_loss": 1.099477,
          "ece": 0.077969
        },
        "ligue_1": {
          "n": 304,
          "bss": -0.033496,
          "log_loss": 1.09033,
          "ece": 0.076905
        },
        "ligue_2": {
          "n": 295,
          "bss": -0.058313,
          "log_loss": 1.1581,
          "ece": 0.120858
        },
        "primeira_liga": {
          "n": 290,
          "bss": 0.046236,
          "log_loss": 1.040157,
          "ece": 0.066403
        },
        "scottish_prem": {
          "n": 211,
          "bss": 0.053753,
          "log_loss": 1.028056,
          "ece": 0.093094
        },
        "serie_a": {
          "n": 356,
          "bss": 0.024199,
          "log_loss": 1.074765,
          "ece": 0.072954
        },
        "serie_b": {
          "n": 405,
          "bss": -0.058758,
          "log_loss": 1.129267,
          "ece": 0.114445
        },
        "super_lig": {
          "n": 303,
          "bss": 0.045088,
          "log_loss": 1.042502,
          "ece": 0.071236
        }
      },
      "conformal": {
        "0.05": {
          "nominal_coverage": 0.95,
          "empirical_coverage": 0.8388,
          "avg_set_size": 2.3563,
          "singleton_rate": 0.2101
        },
        "0.10": {
          "nominal_coverage": 0.9,
          "empirical_coverage": 0.7644,
          "avg_set_size": 2.0811,
          "singleton_rate": 0.3491
        },
        "0.20": {
          "nominal_coverage": 0.8,
          "empirical_coverage": 0.6549,
          "avg_set_size": 1.6858,
          "singleton_rate": 0.5448
        }
      }
    },
    "v2_raw": {
      "overall": {
        "n": 6525,
        "brier": 0.623785,
        "brier_skill_score": 0.042565,
        "log_loss": 1.037509,
        "rps": 0.214428,
        "ece_10bucket": 0.013271,
        "base_rate": {
          "H": 0.4319,
          "D": 0.267,
          "A": 0.3011
        },
        "bss_ci95": null
      },
      "applied_n": 6525,
      "per_league_bss": {
        "bundesliga": {
          "n": 304,
          "bss": 0.062339,
          "log_loss": 1.017586,
          "ece": 0.0352
        },
        "bundesliga2": {
          "n": 402,
          "bss": -0.031653,
          "log_loss": 1.093222,
          "ece": 0.062374
        },
        "championship": {
          "n": 552,
          "bss": -0.005209,
          "log_loss": 1.088298,
          "ece": 0.045513
        },
        "epl": {
          "n": 357,
          "bss": 0.037786,
          "log_loss": 1.038089,
          "ece": 0.028738
        },
        "eredivisie": {
          "n": 291,
          "bss": 0.030587,
          "log_loss": 1.048864,
          "ece": 0.054137
        },
        "greek_sl": {
          "n": 214,
          "bss": 0.099673,
          "log_loss": 0.990875,
          "ece": 0.053035
        },
        "jupiler_pro": {
          "n": 286,
          "bss": 0.082485,
          "log_loss": 1.000886,
          "ece": 0.054521
        },
        "la_liga": {
          "n": 340,
          "bss": 0.070887,
          "log_loss": 0.983913,
          "ece": 0.046397
        },
        "la_liga2": {
          "n": 434,
          "bss": 0.022223,
          "log_loss": 1.051173,
          "ece": 0.040517
        },
        "league_one": {
          "n": 582,
          "bss": -0.001523,
          "log_loss": 1.065379,
          "ece": 0.027767
        },
        "league_two": {
          "n": 599,
          "bss": 0.019384,
          "log_loss": 1.057529,
          "ece": 0.03166
        },
        "ligue_1": {
          "n": 304,
          "bss": 0.065769,
          "log_loss": 0.986118,
          "ece": 0.040063
        },
        "ligue_2": {
          "n": 295,
          "bss": -0.005292,
          "log_loss": 1.098988,
          "ece": 0.051892
        },
        "primeira_liga": {
          "n": 290,
          "bss": 0.130019,
          "log_loss": 0.961378,
          "ece": 0.068249
        },
        "scottish_prem": {
          "n": 211,
          "bss": 0.076063,
          "log_loss": 1.001831,
          "ece": 0.070342
        },
        "serie_a": {
          "n": 356,
          "bss": 0.106617,
          "log_loss": 0.987626,
          "ece": 0.031987
        },
        "serie_b": {
          "n": 405,
          "bss": -0.006522,
          "log_loss": 1.081178,
          "ece": 0.030156
        },
        "super_lig": {
          "n": 303,
          "bss": 0.108555,
          "log_loss": 0.984082,
          "ece": 0.037011
        }
      },
      "conformal": {
        "0.05": {
          "nominal_coverage": 0.95,
          "empirical_coverage": 0.9385,
          "avg_set_size": 2.6671,
          "singleton_rate": 0.0821
        },
        "0.10": {
          "nominal_coverage": 0.9,
          "empirical_coverage": 0.8719,
          "avg_set_size": 2.3954,
          "singleton_rate": 0.1916
        },
        "0.20": {
          "nominal_coverage": 0.8,
          "empirical_coverage": 0.73,
          "avg_set_size": 1.8428,
          "singleton_rate": 0.417
        }
      }
    },
    "v2_dirichlet": {
      "overall": {
        "n": 6525,
        "brier": 0.622731,
        "brier_skill_score": 0.044183,
        "log_loss": 1.035785,
        "rps": 0.214001,
        "ece_10bucket": 0.010296,
        "base_rate": {
          "H": 0.4319,
          "D": 0.267,
          "A": 0.3011
        },
        "bss_ci95": null
      },
      "applied_n": 6525,
      "per_league_bss": {
        "bundesliga": {
          "n": 304,
          "bss": 0.070163,
          "log_loss": 1.009667,
          "ece": 0.033322
        },
        "bundesliga2": {
          "n": 402,
          "bss": -0.022848,
          "log_loss": 1.08531,
          "ece": 0.042941
        },
        "championship": {
          "n": 552,
          "bss": -0.000942,
          "log_loss": 1.084652,
          "ece": 0.025451
        },
        "epl": {
          "n": 357,
          "bss": 0.035634,
          "log_loss": 1.039931,
          "ece": 0.064673
        },