{
  "generated_at": "2026-04-21T18:37:03.356Z",
  "n_rows": 6691,
  "n_leagues": 18,
  "engines": {
    "v1": {
      "overall": {
        "n": 6691,
        "brier": 0.651755,
        "brier_skill_score": -0.001886,
        "log_loss": 1.082756,
        "rps": 0.228388,
        "ece_10bucket": 0.084222,
        "base_rate": {
          "H": 0.434,
          "D": 0.2614,
          "A": 0.3046
        },
        "bss_ci95": null
      },
      "applied_n": 6691,
      "per_league_bss": {
        "bundesliga": {
          "n": 306,
          "bss": 0.021827,
          "log_loss": 1.058044,
          "ece": 0.102303
        },
        "bundesliga2": {
          "n": 297,
          "bss": -0.062703,
          "log_loss": 1.128863,
          "ece": 0.13936
        },
        "championship": {
          "n": 552,
          "bss": -0.013129,
          "log_loss": 1.088812,
          "ece": 0.083874
        },
        "epl": {
          "n": 380,
          "bss": 0.057308,
          "log_loss": 1.00743,
          "ece": 0.072759
        },
        "eredivisie": {
          "n": 306,
          "bss": 0.083792,
          "log_loss": 1.003566,
          "ece": 0.081249
        },
        "greek_sl": {
          "n": 240,
          "bss": 0.09558,
          "log_loss": 0.984917,
          "ece": 0.067369
        },
        "jupiler_pro": {
          "n": 304,
          "bss": -0.038521,
          "log_loss": 1.122365,
          "ece": 0.138562
        },
        "la_liga": {
          "n": 380,
          "bss": 0.034535,
          "log_loss": 1.047133,
          "ece": 0.047769
        },
        "la_liga2": {
          "n": 462,
          "bss": -0.065315,
          "log_loss": 1.119534,
          "ece": 0.108289
        },
        "league_one": {
          "n": 552,
          "bss": -0.016998,
          "log_loss": 1.100727,
          "ece": 0.092799
        },
        "league_two": {
          "n": 552,
          "bss": -0.062684,
          "log_loss": 1.132812,
          "ece": 0.140588
        },
        "ligue_1": {
          "n": 306,
          "bss": 0.011273,
          "log_loss": 1.071867,
          "ece": 0.0655
        },
        "ligue_2": {
          "n": 380,
          "bss": -0.074733,
          "log_loss": 1.163189,
          "ece": 0.142279
        },
        "primeira_liga": {
          "n": 306,
          "bss": 0.037481,
          "log_loss": 1.038289,
          "ece": 0.06737
        },
        "scottish_prem": {
          "n": 228,
          "bss": -0.008787,
          "log_loss": 1.098873,
          "ece": 0.1212
        },
        "serie_a": {
          "n": 380,
          "bss": 0.043208,
          "log_loss": 1.041158,
          "ece": 0.031265
        },
        "serie_b": {
          "n": 380,
          "bss": -0.039701,
          "log_loss": 1.130467,
          "ece": 0.120046
        },
        "super_lig": {
          "n": 380,
          "bss": 0.005999,
          "log_loss": 1.067481,
          "ece": 0.077905
        }
      },
      "conformal": {
        "0.05": {
          "nominal_coverage": 0.95,
          "empirical_coverage": 0.8615,
          "avg_set_size": 2.3947,
          "singleton_rate": 0.1919
        },
        "0.10": {
          "nominal_coverage": 0.9,
          "empirical_coverage": 0.7813,
          "avg_set_size": 2.0971,
          "singleton_rate": 0.342
        },
        "0.20": {
          "nominal_coverage": 0.8,
          "empirical_coverage": 0.6687,
          "avg_set_size": 1.6996,
          "singleton_rate": 0.5461
        }
      }
    },
    "v2_raw": {
      "overall": {
        "n": 6691,
        "brier": 0.610223,
        "brier_skill_score": 0.061958,
        "log_loss": 1.01803,
        "rps": 0.209168,
        "ece_10bucket": 0.014616,
        "base_rate": {
          "H": 0.434,
          "D": 0.2614,
          "A": 0.3046
        },
        "bss_ci95": null
      },
      "applied_n": 6691,
      "per_league_bss": {
        "bundesliga": {
          "n": 306,
          "bss": 0.083102,
          "log_loss": 0.999137,
          "ece": 0.053778
        },
        "bundesliga2": {
          "n": 297,
          "bss": 0.023542,
          "log_loss": 1.040446,
          "ece": 0.060844
        },
        "championship": {
          "n": 552,
          "bss": 0.026146,
          "log_loss": 1.04336,
          "ece": 0.024643
        },
        "epl": {
          "n": 380,
          "bss": 0.119878,
          "log_loss": 0.948416,
          "ece": 0.050001
        },
        "eredivisie": {
          "n": 306,
          "bss": 0.144848,
          "log_loss": 0.938249,
          "ece": 0.073386
        },
        "greek_sl": {
          "n": 240,
          "bss": 0.152965,
          "log_loss": 0.927365,
          "ece": 0.079615
        },
        "jupiler_pro": {
          "n": 304,
          "bss": 0.049038,
          "log_loss": 1.025541,
          "ece": 0.023132
        },
        "la_liga": {
          "n": 380,
          "bss": 0.113491,
          "log_loss": 0.967689,
          "ece": 0.040761
        },
        "la_liga2": {
          "n": 462,
          "bss": 0.007432,
          "log_loss": 1.050639,
          "ece": 0.02627
        },
        "league_one": {
          "n": 552,
          "bss": 0.025857,
          "log_loss": 1.051742,
          "ece": 0.019297
        },
        "league_two": {
          "n": 552,
          "bss": 0.013479,
          "log_loss": 1.052381,
          "ece": 0.030786
        },
        "ligue_1": {
          "n": 306,
          "bss": 0.045256,
          "log_loss": 1.040723,
          "ece": 0.036914
        },
        "ligue_2": {
          "n": 380,
          "bss": -0.01232,
          "log_loss": 1.100257,
          "ece": 0.054029
        },
        "primeira_liga": {
          "n": 306,
          "bss": 0.112942,
          "log_loss": 0.969865,
          "ece": 0.073497
        },
        "scottish_prem": {
          "n": 228,
          "bss": 0.1154,
          "log_loss": 0.970575,
          "ece": 0.052527
        },
        "serie_a": {
          "n": 380,
          "bss": 0.103516,
          "log_loss": 0.98438,
          "ece": 0.055556
        },
        "serie_b": {
          "n": 380,
          "bss": 0.006953,
          "log_loss": 1.090284,
          "ece": 0.046433
        },
        "super_lig": {
          "n": 380,
          "bss": 0.070547,
          "log_loss": 1.004024,
          "ece": 0.06461
        }
      },
      "conformal": {
        "0.05": {
          "nominal_coverage": 0.95,
          "empirical_coverage": 0.9671,
          "avg_set_size": 2.7525,
          "singleton_rate": 0.0421
        },
        "0.10": {
          "nominal_coverage": 0.9,
          "empirical_coverage": 0.9165,
          "avg_set_size": 2.4986,
          "singleton_rate": 0.1408
        },
        "0.20": {
          "nominal_coverage": 0.8,
          "empirical_coverage": 0.7845,
          "avg_set_size": 1.9898,
          "singleton_rate": 0.4043
        }
      }
    },
    "v2_dirichlet": {
      "overall": {
        "n": 6691,
        "brier": 0.60834,
        "brier_skill_score": 0.064852,
        "log_loss": 1.014955,
        "rps": 0.208326,
        "ece_10bucket": 0.004922,
        "base_rate": {
          "H": 0.434,
          "D": 0.2614,
          "A": 0.3046
        },
        "bss_ci95": null
      },
      "applied_n": 6691,
      "per_league_bss": {
        "bundesliga": {
          "n": 306,
          "bss": 0.08487,
          "log_loss": 0.997906,
          "ece": 0.055059
        },
        "bundesliga2": {
          "n": 297,
          "bss": 0.022267,
          "log_loss": 1.043092,
          "ece": 0.064683
        },
        "championship": {
          "n": 552,
          "bss": 0.028837,
          "log_loss": 1.041506,
          "ece": 0.023703
        },
        "epl": {
          "n": 380,
          "bss": 0.120294,
          "log_loss": 0.947635,
          "ece": 0.042398
        },