{
  "tag": "dev-09-phase42-seed-100",
  "architecture": "dev-09-TABULA-RASA-bottom-up",
  "trained_at": "2026-05-27T23:46:55.039908",
  "train_seasons": [
    "22/23",
    "23/24",
    "24/25"
  ],
  "test_seasons": [
    "25/26"
  ],
  "leagues": "ALL",
  "seeds": [
    142,
    143,
    144,
    145,
    146
  ],
  "seed_offset": 100,
  "n_models": 5,
  "n_train_matches": 20797,
  "n_test_matches": 6868,
  "feature_names": [
    "bottom_up_xg_diff",
    "bottom_up_xa_diff",
    "bottom_up_shots_diff",
    "bottom_up_key_passes_diff",
    "attack_concentration_diff",
    "defense_block_sum_diff",
    "gk_saves_per_90_diff",
    "minutes_rate_diff",
    "bottom_up_available",
    "elo_diff",
    "rest_days_diff",
    "league"
  ],
  "holdout_brier": 0.6156857188523083,
  "per_liga": {
    "austria_bl": {
      "n": 180,
      "brier": 0.6622749389858276
    },
    "bundesliga": {
      "n": 294,
      "brier": 0.5641741358132101
    },
    "bundesliga2": {
      "n": 290,
      "brier": 0.6292883999631796
    },
    "championship": {
      "n": 459,
      "brier": 0.6417189371648397
    },
    "eerste_divisie": {
      "n": 380,
      "brier": 0.629014540968438
    },
    "epl": {
      "n": 354,
      "brier": 0.6117103581982187
    },
    "eredivisie": {
      "n": 288,
      "brier": 0.5923851119115151
    },
    "greek_sl": {
      "n": 28,
      "brier": 0.5688612677767213
    },
    "jupiler_pro": {
      "n": 286,
      "brier": 0.6400028105198503
    },
    "la_liga": {
      "n": 345,
      "brier": 0.5759670520714703
    },
    "la_liga2": {
      "n": 418,
      "brier": 0.6375879893773528
    },
    "league_one": {
      "n": 456,
      "brier": 0.622175970270217
    },
    "league_two": {
      "n": 456,
      "brier": 0.6389934927753409
    },
    "liga3": {
      "n": 367,
      "brier": 0.6313150532510011
    },
    "ligue_1": {
      "n": 287,
      "brier": 0.6011992724605288
    },
    "ligue_2": {
      "n": 306,
      "brier": 0.6555217236079537
    },
    "primeira_liga": {
      "n": 285,
      "brier": 0.5404920428065743
    },
    "scottish_prem": {
      "n": 210,
      "brier": 0.5907186882305456
    },
    "serie_a": {
      "n": 354,
      "brier": 0.5938641095611471
    },
    "serie_b": {
      "n": 380,
      "brier": 0.6238153918028436
    },
    "super_lig": {
      "n": 234,
      "brier": 0.5947094781169086
    },
    "swiss_sl": {
      "n": 211,
      "brier": 0.6236602415268266
    }
  },
  "train_time_sec": 4.743175029754639,
  "eval_time_sec": 0.39230799674987793
}