{
  "tag": "dev-09-phase42-seed-000",
  "architecture": "dev-09-TABULA-RASA-bottom-up",
  "trained_at": "2026-05-27T23:46:49.890209",
  "train_seasons": [
    "22/23",
    "23/24",
    "24/25"
  ],
  "test_seasons": [
    "25/26"
  ],
  "leagues": "ALL",
  "seeds": [
    42,
    43,
    44,
    45,
    46
  ],
  "seed_offset": 0,
  "n_models": 5,
  "n_train_matches": 20797,
  "n_test_matches": 6868,
  "feature_names": [
    "bottom_up_xg_diff",
    "bottom_up_xa_diff",
    "bottom_up_shots_diff",
    "bottom_up_key_passes_diff",
    "attack_concentration_diff",
    "defense_block_sum_diff",
    "gk_saves_per_90_diff",
    "minutes_rate_diff",
    "bottom_up_available",
    "elo_diff",
    "rest_days_diff",
    "league"
  ],
  "holdout_brier": 0.6139630557068171,
  "per_liga": {
    "austria_bl": {
      "n": 180,
      "brier": 0.6536518934136204
    },
    "bundesliga": {
      "n": 294,
      "brier": 0.5705468887882151
    },
    "bundesliga2": {
      "n": 290,
      "brier": 0.6259346799824252
    },
    "championship": {
      "n": 459,
      "brier": 0.6421874893833233
    },
    "eerste_divisie": {
      "n": 380,
      "brier": 0.6250647066365596
    },
    "epl": {
      "n": 354,
      "brier": 0.6121776047712165
    },
    "eredivisie": {
      "n": 288,
      "brier": 0.5933958430970185
    },
    "greek_sl": {
      "n": 28,
      "brier": 0.559672573152752
    },
    "jupiler_pro": {
      "n": 286,
      "brier": 0.6364809291927851
    },
    "la_liga": {
      "n": 345,
      "brier": 0.572908287316181
    },
    "la_liga2": {
      "n": 418,
      "brier": 0.6352111159280311
    },
    "league_one": {
      "n": 456,
      "brier": 0.6191848044120349
    },
    "league_two": {
      "n": 456,
      "brier": 0.6343125871946643
    },
    "liga3": {
      "n": 367,
      "brier": 0.6308975301958201
    },
    "ligue_1": {
      "n": 287,
      "brier": 0.5963510490249012
    },
    "ligue_2": {
      "n": 306,
      "brier": 0.6531035030607657
    },
    "primeira_liga": {
      "n": 285,
      "brier": 0.5419505629752193
    },
    "scottish_prem": {
      "n": 210,
      "brier": 0.5905213118391525
    },
    "serie_a": {
      "n": 354,
      "brier": 0.5930266607599253
    },
    "serie_b": {
      "n": 380,
      "brier": 0.6239599131523785
    },
    "super_lig": {
      "n": 234,
      "brier": 0.5907573235860055
    },
    "swiss_sl": {
      "n": 211,
      "brier": 0.6214698916145127
    }
  },
  "train_time_sec": 4.820209980010986,
  "eval_time_sec": 0.39856791496276855
}