{
  "tag": "dev-09-seed-300",
  "architecture": "dev-09-TABULA-RASA-bottom-up",
  "trained_at": "2026-05-27T23:42:39.540321",
  "train_seasons": [
    "22/23",
    "23/24"
  ],
  "test_seasons": [
    "24/25"
  ],
  "leagues": "ALL",
  "seeds": [
    342,
    343,
    344,
    345,
    346
  ],
  "seed_offset": 300,
  "n_models": 5,
  "n_train_matches": 13779,
  "n_test_matches": 7018,
  "feature_names": [
    "bottom_up_xg_diff",
    "bottom_up_xa_diff",
    "bottom_up_shots_diff",
    "bottom_up_key_passes_diff",
    "attack_concentration_diff",
    "defense_block_sum_diff",
    "gk_saves_per_90_diff",
    "minutes_rate_diff",
    "bottom_up_available",
    "elo_diff",
    "rest_days_diff",
    "league"
  ],
  "holdout_brier": 0.614381378171129,
  "per_liga": {
    "austria_bl": {
      "n": 192,
      "brier": 0.6206529187499553
    },
    "bundesliga": {
      "n": 306,
      "brier": 0.6325849286993706
    },
    "bundesliga2": {
      "n": 306,
      "brier": 0.653049916052204
    },
    "championship": {
      "n": 457,
      "brier": 0.6219123160444567
    },
    "eerste_divisie": {
      "n": 310,
      "brier": 0.6276657144735366
    },
    "epl": {
      "n": 380,
      "brier": 0.5993085417721113
    },
    "eredivisie": {
      "n": 306,
      "brier": 0.6021250681617858
    },
    "greek_sl": {
      "n": 236,
      "brier": 0.5912074765467171
    },
    "jupiler_pro": {
      "n": 304,
      "brier": 0.605009952694002
    },
    "la_liga": {
      "n": 380,
      "brier": 0.5700813825719268
    },
    "la_liga2": {
      "n": 418,
      "brier": 0.6338126025744083
    },
    "league_one": {
      "n": 324,
      "brier": 0.6419650805065016
    },
    "league_two": {
      "n": 288,
      "brier": 0.6599152201274371
    },
    "liga3": {
      "n": 380,
      "brier": 0.6309541836972057
    },
    "ligue_1": {
      "n": 306,
      "brier": 0.5801340192679706
    },
    "ligue_2": {
      "n": 306,
      "brier": 0.622166853777678
    },
    "primeira_liga": {
      "n": 306,
      "brier": 0.574778936494333
    },
    "scottish_prem": {
      "n": 228,
      "brier": 0.5936882238387964
    },
    "serie_a": {
      "n": 380,
      "brier": 0.5877060864727587
    },
    "serie_b": {
      "n": 380,
      "brier": 0.6544387119978126
    },
    "super_lig": {
      "n": 297,
      "brier": 0.5645105304050498
    },
    "swiss_sl": {
      "n": 228,
      "brier": 0.6435598339219699
    }
  },
  "train_time_sec": 4.447391033172607,
  "eval_time_sec": 0.40302491188049316
}