{
  "objective": "xg-forecast primary (RMSE/MAE/bias) + 1x2-brier coupled; ROI secondary",
  "test_seasons": [
    "25/26"
  ],
  "rho": -0.094,
  "join": "(league, canon_home, canon_away) nearest-date \u00b17d",
  "calibration": "RAW probs for all engines (no isotonic/benter)",
  "n_spine": 7719,
  "n_common_intersection": 4642,
  "best_effort": {
    "Standard": {
      "n_matches": 7154,
      "xg_rmse": 0.7444355639438748,
      "xg_mae": 0.5815556803605773,
      "xg_bias": 0.11480690102526687,
      "pearson_r": 0.30029327341428136,
      "brier": 0.6728433958469202,
      "mean_lambda": 1.5094553494457308,
      "mean_realized_xg": 1.3946484484204642
    },
    "v1": {
      "n_matches": 6525,
      "xg_rmse": 0.8074030649078502,
      "xg_mae": 0.6119301553178691,
      "xg_bias": -0.03441894329916297,
      "pearson_r": 0.23191192479591288,
      "brier": 0.6475486592648592,
      "mean_lambda": 1.3626753095744002,
      "mean_realized_xg": 1.3970942528735633
    },
    "v2": {
      "n_matches": 6525,
      "xg_rmse": 0.7147848053220701,
      "xg_mae": 0.5432382291492126,
      "xg_bias": -0.07893536693485793,
      "pearson_r": 0.31927186597941526,
      "brier": 0.6237845606657679,
      "mean_lambda": 1.3181588859387052,
      "mean_realized_xg": 1.3970942528735633
    },
    "dev-09": {
      "n_matches": 6750,
      "xg_rmse": 0.7161843556199737,
      "xg_mae": 0.5432747880090613,
      "xg_bias": -0.07973627298268979,
      "pearson_r": 0.3776643538333021,
      "brier": 0.6128406665115584,
      "mean_lambda": 1.3408089122024955,
      "mean_realized_xg": 1.4205451851851851
    },
    "dev-03": {
      "n_matches": 6750,
      "xg_rmse": 0.7176465137916698,
      "xg_mae": 0.5451207330192699,
      "xg_bias": -0.06267806448659104,
      "pearson_r": 0.36616760682341576,
      "brier": 0.6204819308929508,
      "mean_lambda": 1.357867120698594,
      "mean_realized_xg": 1.4205451851851851
    }
  },
  "common_intersection": {
    "Standard": {
      "n_matches": 6276,
      "xg_rmse": 0.7540929472033352,
      "xg_mae": 0.5894893209474306,
      "xg_bias": 0.11961549672822988,
      "pearson_r": 0.29634467679194837,
      "brier": 0.6703316022683494,
      "mean_lambda": 1.5101397159761585,
      "mean_realized_xg": 1.3905242192479286
    },
    "v1": {
      "n_matches": 4932,
      "xg_rmse": 0.8057420524528328,
      "xg_mae": 0.6108252459550116,
      "xg_bias": -0.03236461865980298,
      "pearson_r": 0.23506041293676996,
      "brier": 0.6483413070509109,
      "mean_lambda": 1.3572917073742603,
      "mean_realized_xg": 1.3896563260340633
    },
    "v2": {
      "n_matches": 4932,
      "xg_rmse": 0.7200274506720377,
      "xg_mae": 0.5479142487080375,
      "xg_bias": -0.07464560312305095,
      "pearson_r": 0.3122563749912452,
      "brier": 0.6231739317235415,
      "mean_lambda": 1.3150107229110124,
      "mean_realized_xg": 1.3896563260340633
    },
    "dev-09": {
      "n_matches": 4642,
      "xg_rmse": 0.7006012322587888,
      "xg_mae": 0.5324258733084152,
      "xg_bias": -0.06492905719455659,
      "pearson_r": 0.3775386323977753,
      "brier": 0.6135333125338785,
      "mean_lambda": 1.3251463413405575,
      "mean_realized_xg": 1.3900753985351142
    },
    "dev-03": {
      "n_matches": 4642,
      "xg_rmse": 0.7016194807371128,
      "xg_mae": 0.5333010890450084,
      "xg_bias": -0.05329074055767504,
      "pearson_r": 0.37196349747171426,
      "brier": 0.6193195405284969,
      "mean_lambda": 1.336784657977439,
      "mean_realized_xg": 1.3900753985351142
    }
  },
  "rmse_ranking": [
    "dev-09",
    "dev-03",
    "v2",
    "Standard",
    "v1"
  ],
  "brier_ranking": [
    "dev-09",
    "dev-03",
    "v2",
    "v1",
    "Standard"
  ],
  "_caveats": [
    "Realized xG is a model output (Understat/Sofa), not ground truth like goals.",
    "All engines on RAW probs (no isotonic) \u2014 model quality, not pipeline.",
    "Parquet engines (Standard/v1/v2) carry stored \u03bb; dev-03/dev-09 predicted live.",
    "ROI tiebreaker scored separately (score_roi_leaderboard.py)."
  ]
}